"org_name","doubling_h","growth_tmp","reference","tax_id","name_class","ref_type"
"Acaryochloris marina",45,30," Swingley WD, Hohmann-Marriott MF, Le Olson T, Blankenship RE (2005) Effect of iron on growth and ultrastructure of Acaryochloris marina. Appl Environ Microbiol 71: 8606-8610.",155978,"scientific name","full_text"
"Acidovorax avenae",11,30," Song B, Palleroni NJ, Haggblom MM (2000) Isolation and characterization of diverse halobenzoate-degrading denitrifying bacteria from soils and sediments. Appl Environ Microbiol 66: 3446-3453.",80867,"scientific name","full_text"
"Acinetobacter sp. ADP1",0.5,37," Parke D, Garcia MA, Ornston LN (2001) Cloning and genetic characterization of dca genes required for beta-oxidation of straight-chain dicarboxylic acids in Acinetobacter sp. strain ADP1. Appl Environ Microbiol 67: 4817-4827.",62977,"scientific name","full_text"
"Actinobacillus pleuropneumoniae",0.75,37," Fuller TE, Shea RJ, Thacker BJ, Mulks MH (1999) Identification of in vivo induced genes in Actinobacillus pleuropneumoniae. Microb Pathog 27: 311-327.",715,"scientific name","full_text"
"Aeromonas hydrophila",0.33,35," Hudson JA (1993) Effect of Preincubation Temperature on the Lag Time of Aeromonas-Hydrophila. Letters in Applied Microbiology 16: 274-276.",644,"scientific name","full_text"
"Aeropyrum pernix",4,90," Robinson NP, Bell SD (2007) Extrachromosomal element capture and the evolution of multiple replication origins in archaeal chromosomes. Proc Natl Acad Sci U S A 104: 5806-5811.",56636,"scientific name","full_text"
"Agrobacterium tumefaciens",2.1,30," Bell CR (1990) Growth of Agrobacterium tumefaciens under octopine limitation in chemostats. Appl Environ Microbiol 56: 1775-1781.",358,"scientific name","full_text"
"Alcanivorax borkumensis",2.01,20,"Hara, A., S.h. Baik, K. Syutsubo, N. Misawa, T.H. Smits, et al. (2004) Cloning and functional analysis of alkB genes in Alcanivorax borkumensis SK2. Environmental microbiology. 6(3): p. 191-197.",59754,"scientific name","full_text"
"Anabaena variabilis",8,24," Haury JF, Spiller H (1981) Fructose uptake and influence on growth of and nitrogen fixation by Anabaena variabilis. J Bacteriol 147: 227-235.",264691,"synonym","full_text"
"Anaeromyxobacter dehalogenans",9.2,30," He Q, Sanford RA (2003) Characterization of Fe(III) reduction by chlororespiring Anaeromyxobacter dehalogenans. Appl Environ Microbiol 69: 2712-2718.",161493,"scientific name","full_text"
"Anaplasma marginale",21.6,37," Gale KR, Leatch G, DeVos AJ, Jorgensen WK (1996) Anaplasma marginale: effect of challenge of cattle with varying doses of infected erythrocytes. Int J Parasitol 26: 1417-1420.",770,"scientific name","full_text"
"Anaplasma phagocytophilum",7,37," Wang X, Rikihisa Y, Lai TH, Kumagai Y, Zhi N, et al. (2004) Rapid sequential changeover of expressed p44 genes during the acute phase of Anaplasma phagocytophilum infection in horses. Infect Immun 72: 6852-6859.",948,"scientific name","full_text"
"Aquifex aeolicus",1.4,85," Guiral M, Tron P, Aubert C, Gloter A, Iobbi-Nivol C, et al. (2005) A membrane-bound multienzyme, hydrogen-oxidizing, and sulfur-reducing complex from the hyperthermophilic bacterium Aquifex aeolicus. J Biol Chem 280: 42004-42015.",63363,"scientific name","full_text"
"Archaeoglobus fulgidus",3.5,78,"Zellner, G., E. Stackebrandt, H. Kneifel, P. Messner, U.B. Sleytr, et al. (1989) Isolation and characterization of a thermophilic, sulfate reducing archaebacterium, Archaeoglobus-fulgidus strain-z. Systematic and Applied Microbiology. 11(2): p. 151-160.",2234,"scientific name","full_text"
"Arcobacter butzleri",1.22,30," Hilton CL, Mackey BM, Hargreaves AJ, Forsythe SJ (2001) The recovery of Arcobacter butzleri NCTC 12481 from various temperature treatments. Journal of Applied Microbiology 91: 929-932.",28197,"scientific name","full_text"
"Aromatoleum aromaticum",8,31,"Kniemeyer, O.J. Heider (2001) (S)-1-Phenylethanol dehydrogenase of Azoarcus sp strain EbN1, an enzyme of anaerobic ethylbenzene catabolism. Archives of Microbiology. 176(1-2): p. 129-135, DOI: 10.1007/s002030100303.",551760,"scientific name","full_text"
"Bacillus anthracis str. Ames",1.51,40,"Tamplin, M.L., R. Phillips, T.A. Stewart, J.B. LuchanskyL.C. Kelley (2008) Behavior of Bacillus anthracis strains Sterne and Ames K0610 in sterile raw ground beef. Applied and Environmental Microbiology. 74(4): p. 1111-1116, DOI: 10.1128/aem.01292-07.",198094,"scientific name","full_text"
"Bacillus cereus ATCC 14579",0.32,37,"Wong, H.C.Y.L. Chen (1988) Effects of lactic-acid bacteria and organic-acids on growth and germination of Bacillus-cereus. Applied and Environmental Microbiology. 54(9): p. 2179-2184.",226900,"scientific name","full_text"
"Bacillus halodurans",NA,NA," Sturr MG, Guffanti AA, Krulwich TA (1994) Growth and bioenergetics of alkaliphilic Bacillus firmus OF4 in continuous culture at high pH. J Bacteriol 176: 3111-3116.",86665,"scientific name","full_text"
"Bacillus licheniformis DSM 13 = ATCC 14580",0.58,37," van Dijk-Salkinoja MS, Planta RJ (1971) Rate of ribosome production in Bacillus licheniformis. J Bacteriol 105: 20-27.",279010,"scientific name","full_text"
"Bacillus subtilis subsp. subtilis str. 168",0.24,46,"Warth, A. (1978) Relationship between the heat resistance of spores and the optimum and maximum growth temperatures of Bacillus species. Journal of Bacteriology. 134(3): p. 699-705.",224308,"scientific name","full_text"
"Bacillus thuringiensis serovar konkukian strain 97-27",0.43,28," Kashyap S, Amla DV (2007) Characterisation of Bacillus thuringiensis Kurstaki strains by toxicity, plasmid profiles and numerical analysis of their cryIA genes. African Journal of Biotechnology 6: 1821-1827.",281309,"equivalent name","full_text"
"Bacteroides fragilis",0.44,35," Mangels JI, Lindberg LH, Vosti KL (1978) Quantitative evaluation of three commercial blood culture media for growth of anaerobic organisms. J Clin Microbiol 7: 59-62.",817,"scientific name","full_text"
"Bacteroides thetaiotaomicron VPI-5482",1.47,37," Anderson KL, Salyers AA (1989) Genetic evidence that outer membrane binding of starch is required for starch utilization by Bacteroides thetaiotaomicron. J Bacteriol 171: 3199-3204.",226186,"scientific name","full_text"
"Bartonella henselae str. Houston-1",3,34," Chenoweth MR, Somerville GA, Krause DC, O'Reilly KL, Gherardini FC (2004) Growth characteristics of Bartonella henselae in a novel liquid medium: primary isolation, growth-phase-dependent phage induction, and metabolic studies. Appl Environ Microbiol 70: 656-663.",283166,"scientific name","full_text"
"Bartonella quintana str. Toulouse",6,37," Huang KY (1967) Metabolic Activity of the Trench Fever Rickettsia, Rickettsia quintana. J Bacteriol 93: 853-859.",283165,"scientific name","full_text"
"Bdellovibrio bacteriovorus",1.4,30," Pritchard MA, Langley D, Rittenberg S (1975) Effects of methotrexate on intraperiplasmic and axenic growth of Bdellovibrio bacteriovorus. J Bacteriol 121: 1131-1136.",959,"scientific name","full_text"
"Bifidobacterium longum NCC2705",1.51,37," Garro MS, Aguirre L, de Giori GS (2006) Biological activity of Bifidobacterium longum in response to environmental pH. Applied Microbiology and Biotechnology 70: 612-617.",206672,"scientific name","full_text"
"Bordetella bronchiseptica RB50",1.33,37,"Martínez de Tejada, G., J.F. MillerP.A. Cotter (1996) Comparative analysis of the virulence control systems of Bordetella pertussis and Bordetella bronchiseptica. Molecular microbiology. 22(5): p. 895-908.",257310,"scientific name","full_text"
"Borreliella bavariensis PBi",NA,NA," De Silva AM, Fikrig E (1995) Growth and migration of Borrelia burgdorferi in Ixodes ticks during blood feeding. Am J Trop Med Hyg 53: 397-404.",290434,"scientific name","full_text"
"Borreliella burgdorferi",4,33," De Silva AM, Fikrig E (1995) Growth and migration of Borrelia burgdorferi in Ixodes ticks during blood feeding. Am J Trop Med Hyg 53: 397-404.",139,"scientific name","full_text"
"Bradyrhizobium diazoefficiens USDA 110",20,28," Lopez-Garcia SL, Vazquez TE, Favelukes G, Lodeiro AR (2001) Improved soybean root association of N-starved Bradyrhizobium japonicum. J Bacteriol 183: 7241-7252.",224911,"scientific name","full_text"
"Brucella abortus bv. 1 str. 9-941",2,37,"Jiang, X.C.L. Baldwin (1993) Effects of cytokines on intracellular growth of Brucella abortus. Infection and Immunity. 61(1): p. 124-134.",262698,"scientific name","full_text"
"Brucella melitensis bv. 1 str. 16M",2,37," Gallot-Lavallee T, Zygmunt MS, Cloeckaert A, Bezard G, Dubray G (1995) Growth phase-dependent variations in the outer membrane protein profile of Brucella melitensis. Res Microbiol 146: 227-236.",224914,"scientific name","full_text"
"Brucella suis 1330",2,37," Ekaza E, Guilloteau L, Teyssier J, Liautard JP, Kohler S (2000) Functional analysis of the ClpATPase ClpA of Brucella suis, and persistence of a knockout mutant in BALB/c mice. Microbiology 146: 1605-1616.",204722,"scientific name","full_text"
"Buchnera aphidicola (Baizongia pistaciae)",35.4,24,"Baumann, L.P. Baumann (1994) Growth-kinetics of the endosymbiont Buchnera-aphidicola in the aphid Schizaphis-graminum. Applied and Environmental Microbiology. 60(9): p. 3440-3443.",135842,"scientific name","full_text"
"Buchnera aphidicola str. Sg (Schizaphis graminum)",35.4,24,"Baumann, L.P. Baumann (1994) Growth-kinetics of the endosymbiont Buchnera-aphidicola in the aphid Schizaphis-graminum. Applied and Environmental Microbiology. 60(9): p. 3440-3443.",198804,"scientific name","full_text"
"Burkholderia mallei ATCC 23344",0.75,37,"Ribot, W.J.R.L. Ulrich (2006) The animal pathogen-like type III secretion system is required for the intracellular survival of Burkholderia mallei within J774.2 macrophages. Infection and Immunity. 74(7): p. 4349-4353, DOI: 10.1128/iai.01939-05.",243160,"scientific name","full_text"
"Burkholderia pseudomallei K96243",0.65,37,"Ngamdee, W., S. Tandhavanant, C. Wikraiphat, O. Reamtong, V. Wuthiekanun, et al. (2015) Competition between Burkholderia pseudomallei and B. thailandensis. Bmc Microbiology. 15, DOI: 10.1186/s12866-015-0395-7.",272560,"scientific name","full_text"
"Caldanaerobacter subterraneus subsp. tengcongensis",1.08,75," Xue Y, Xu Y, Liu Y, Ma Y, Zhou P (2001) Thermoanaerobacter tengcongensis sp. nov., a novel anaerobic, saccharolytic, thermophilic bacterium isolated from a hot spring in Tengcong, China. Int J Syst Evol Microbiol 51: 1335-1341.",119072,"scientific name","full_text"
"Caldivirga maquilingensis",8,85," Itoh T, Suzuki K, Sanchez PC, Nakase T (1999) Caldivirga maquilingensis gen. nov., sp. nov., a new genus of rod-shaped crenarchaeote isolated from a hot spring in the Philippines. Int J Syst Bacteriol 49 Pt 3: 1157-1163.",76887,"scientific name","full_text"
"Campylobacter jejuni",1.5,37," Rollins DM, Coolbaugh JC, Walker RI, Weiss E (1983) Biphasic culture system for rapid Campylobacter cultivation. Appl Environ Microbiol 45: 284-289.",197,"scientific name","full_text"
"Candidatus Blochmannia floridanus",NA,NA," Holt JG (1984) Bergey's Manual of Systematic Bacteriology: Gram-negative Bacteria of general, medical, or industrial importance. 1. Baltimore: Williams & WilkinsHolt, J.G.",203907,"scientific name","full_text"
"Candidatus Pelagibacter ubique",28.7,15,"Rappe, M.S., S.A. Connon, K.L. VerginS.J. Giovannoni (2002) Cultivation of the ubiquitous SAR11 marine bacterioplankton clade. Nature. 418(6898): p. 630-633, DOI: 10.1038/nature00917.",198252,"scientific name","full_text"
"Candidatus Protochlamydia amoebophila",48,37," Greub G, Mege JL, Raoult D (2003) Parachlamydia acanthamoebae enters and multiplies within human macrophages and induces their apoptosis [corrected]. Infect Immun 71: 5979-5985.",362787,"scientific name","full_text"
"Carboxydothermus hydrogenoformans",2,70,"Svetlichny, V.A., T.G. Sokolova, M. Gerhardt, M. Ringpfeil, N.A. Kostrikina, et al. (1991) Carboxydothermus-hydrogenoformans gen-nov, sp-nov, a co-utilizing thermophilic anaerobic bacterium from hydrothermal environments of Kunashir-island. Systematic and Applied Microbiology. 14(3): p. 254-260.",129958,"scientific name","full_text"
"Caulobacter vibrioides",1.42,30," Iba H, Fukuda A, Okada Y (1977) Chromosome replication in Caulobacter crescentus growing in a nutrient broth. J Bacteriol 129: 1192-1197.",155892,"scientific name","full_text"
"Chlamydia abortus S26/3",2,37," Holt JG (1989) Bergey's Manual of Systematic Bacteriology: Archaeobacteria, Cyanobacteria, and remaining Gram-negative Bacteria. 3. Baltimore: Williams & WilkinsHolt, J.G.",218497,"scientific name","full_text"
"Chlamydia pneumoniae",2,37," Holt JG (1989) Bergey's Manual of Systematic Bacteriology: Archaeobacteria, Cyanobacteria, and remaining Gram-negative Bacteria. 3. Baltimore: Williams & WilkinsHolt, J.G.",83558,"scientific name","full_text"
"Chlamydia trachomatis",2.4,37,"Miyairi, I., O.S. Mahdi, S.P. Ouellette, R.J. BellandG.I. Byrne (2006) Different growth rates of Chlamydia trachomatis biovars reflect pathotype. The Journal of infectious diseases. 194(3): p. 350-357.",813,"scientific name","full_text"
"Chlamydia trachomatis",2,NA," Holt JG (1989) Bergey's Manual of Systematic Bacteriology: Archaeobacteria, Cyanobacteria, and remaining Gram-negative Bacteria. 3. Baltimore: Williams & WilkinsHolt, J.G.",813,"scientific name","full_text"
"Chlamydophila caviae GPIC",2,37," Holt JG (1989) Bergey's Manual of Systematic Bacteriology: Archaeobacteria, Cyanobacteria, and remaining Gram-negative Bacteria. 3. Baltimore: Williams & WilkinsHolt, J.G.",227941,"scientific name","full_text"
"Chlorobium tepidum TLS",2.4,47," Frigaard NU, Maresca JA, Yunker CE, Jones AD, Bryant DA (2004) Genetic manipulation of carotenoid biosynthesis in the green sulfur bacterium Chlorobium tepidum. J Bacteriol 186: 5210-5220.",194439,"scientific name","full_text"
"Chloroflexus aurantiacus",6,50," Pierson BK, Keith LM, Leovy JG (1984) Isolation of pigmentation mutants of the green filamentous photosynthetic bacterium Chloroflexus aurantiacus. J Bacteriol 159: 222-227.",1108,"scientific name","full_text"
"Chromobacterium violaceum ATCC 12472",0.83,NA," Bazylinski DA, Palome E, Blakemore NA, Blakemore RP (1986) Denitrification by Chromobacterium violaceum. Appl Environ Microbiol 52: 696-699.",243365,"scientific name","full_text"
"Clostridium acetobutylicum ATCC 824",0.97,37,"Lin, Y.-L.H.P. Blaschek (1983) Butanol production by a butanol-tolerant strain of Clostridium acetobutylicum in extruded corn broth. Applied and Environmental Microbiology. 45(3): p. 966-973.",272562,"scientific name","full_text"
"Clostridium perfringens str. 13",0.12,41,"Willardsen, R.R., F.F. Busta, C.E. AllenL.B. Smith (1978) Growth and survival of Clostridium-perfringens during constantly rising temperatures. Journal of Food Science. 43(2): p. 470-475, DOI: 10.1111/j.1365-2621.1978.tb02333.x.",195102,"scientific name","full_text"
"Clostridium tetani E88",NA,NA," Graham AF, Mason DR, Peck MW (1996) Predictive model of the effect of temperature, pH and sodium chloride on growth from spores of non-proteolytic Clostridium botulinum. International Journal of Food Microbiology 31: 69-85.",212717,"scientific name","full_text"
"Colwellia psychrerythraea",7.14,10," Nogi Y, Hosoya S, Kato C, Horikoshi K (2004) Colwellia piezophila sp. nov., a novel piezophilic species from deep-sea sediments of the Japan Trench. Int J Syst Evol Microbiol 54: 1627-1631.",28229,"scientific name","full_text"
"Corynebacterium glutamicum",1.17,30," Cocaign-Bousquet M, Guyonvarch A, Lindley ND, Guyonvarch A, Lindley ND (1996) Growth Rate-Dependent Modulation of Carbon Flux through Central Metabolism and the Kinetic Consequences for Glucose-Limited Chemostat Cultures of Corynebacterium glutamicum. Appl Environ Microbiol 62: 429-436.",1718,"scientific name","full_text"
"Coxiella burnetii RSA 493",9.6,36,"Zamboni, D.S., R.A. MortaraM. Rabinovitch (2001) Infection of Vero cells with Coxiella burnetii phase II: relative intracellular bacterial load and distribution estimated by confocal laser scanning microscopy and morphometry. Journal of Microbiological Methods. 43(3): p. 223-232, DOI: 10.1016/s0167-7012(00)00223-2.",227377,"scientific name","full_text"
"Cronobacter sakazakii",0.23,37," Iversen C, Lane M, Forsythe SJ (2004) The growth profile, thermotolerance and biofilm formation of <i>Enterobacter sakazakii</i> grown in infant formula milk. Letters in Applied Microbiology 38: 378-382.",28141,"scientific name","full_text"
"Dehalococcoides mccartyi 195",19.2,NA," Maymo-Gatell X, Chien Y, Gossett JM, Zinder SH (1997) Isolation of a bacterium that reductively dechlorinates tetrachloroethene to ethene. Science 276: 1568-1571.",243164,"scientific name","full_text"
"Deinococcus radiodurans R1",1.5,30," Harris DR, Tanaka M, Saveliev SV, Jolivet E, Earl AM, et al. (2004) Preserving genome integrity: the DdrA protein of Deinococcus radiodurans R1. PLoS Biol 2: e304.",243230,"scientific name","full_text"
"Delftia acidovorans",4.62,30," Muller RH, Kleinsteuber S, Babel W (2001) Physiological and genetic characteristics of two bacterial strains utilizing phenoxypropionate and phenoxyacetate herbicides. Microbiol Res 156: 121-131.",80866,"scientific name","full_text"
"Desulfotalea psychrophila LSv54",27,10," Knoblauch C, Sahm K, Jorgensen BB (1999) Psychrophilic sulfate-reducing bacteria isolated from permanently cold Arctic marine sediments: description of Desulfofrigrus oceanense gen. nov., sp nov., Desulfofrigus fragile sp nov., Desulfofaba gelida gen. nov., sp nov., Desulfotalea psychrophila gen. nov., sp nov and Desulfotalea arctica sp nov. International Journal of Systematic Bacteriology 49: 1631-1643.",177439,"scientific name","full_text"
"Desulfotomaculum reducens",20,37," Tebo BM, Obraztsova AY (1998) Sulfate-reducing bacterium grows with Cr(VI), U(VI), Mn(IV), and Fe(III) as electron acceptors. Fems Microbiology Letters 162: 193-198.",59610,"scientific name","full_text"
"Desulfovibrio vulgaris",13.9,32," Pohorelic BK, Voordouw JK, Lojou E, Dolla A, Harder J, et al. (2002) Effects of deletion of genes encoding Fe-only hydrogenase of Desulfovibrio vulgaris Hildenborough on hydrogen and lactate metabolism. J Bacteriol 184: 679-686.",881,"scientific name","full_text"
"Dinoroseobacter shibae",4.08,33," Biebl H, Allgaier M, Tindall BJ, Koblizek M, Lunsdorf H, et al. (2005) Dinoroseobacter shibae gen. nov., sp nov., a new aerobic phototrophic bacterium isolated from dinoflagellates. International Journal of Systematic and Evolutionary Microbiology 55: 1089-1096.",215813,"scientific name","full_text"
"Ehrlichia canis",28,37," Branger S, Rolain JM, Raoult D (2004) Evaluation of antibiotic susceptibilities of Ehrlichia canis, Ehrlichia chaffeensis, and Anaplasma phagocytophilum by real-time PCR. Antimicrob Agents Chemother 48: 4822-4828.",944,"scientific name","full_text"
"Ehrlichia chaffeensis",19,37," Branger S, Rolain JM, Raoult D (2004) Evaluation of antibiotic susceptibilities of Ehrlichia canis, Ehrlichia chaffeensis, and Anaplasma phagocytophilum by real-time PCR. Antimicrob Agents Chemother 48: 4822-4828.",945,"scientific name","full_text"
"Enterococcus faecalis V583",0.61,30,"Gardini, F., M. Martuscelli, M.C. Caruso, F. Galgano, M.A. Crudele, et al. (2001) Effects of pH, temperature and NaCl concentration on the growth kinetics, proteolytic activity and biogenic amine production of Enterococcus faecalis. International Journal of Food Microbiology. 64(1-2): p. 105-117, DOI: 10.1016/s0168-1605(00)00445-1.",226185,"scientific name","full_text"
"Escherichia coli str. K-12 substr. MG1655",0.43,40,"Hooke, A.M., D. Sordelli, M. CerquettiA. Vogt (1985) Quantitative determination of bacterial replication in vivo. Infection and immunity. 49(2): p. 424-427.",511145,"scientific name","full_text"
"Francisella tularensis",3,37," Hall JD, Craven RR, Fuller JR, Pickles RJ, Kawula TH (2007) Francisella tularensis replicates within alveolar type II epithelial cells in vitro and in vivo following inhalation. Infect Immun 75: 1034-1039.",263,"scientific name","full_text"
"Fusobacterium nucleatum",0.47,35," Mangels JI, Lindberg LH, Vosti KL (1978) Quantitative evaluation of three commercial blood culture media for growth of anaerobic organisms. J Clin Microbiol 7: 59-62.",851,"scientific name","full_text"
"Geobacter sulfurreducens PCA",6,30," Cord-Ruwisch R, Lovley DR, Schink B (1998) Growth of geobacter sulfurreducens with acetate in syntrophic cooperation with hydrogen-oxidizing anaerobic partners. Appl Environ Microbiol 64: 2232-2236.",243231,"scientific name","full_text"
"Gloeobacter violaceus",73,25,"Rippka, R., J. WaterburyG. Cohenbazire (1974) Cyanobacterium which lacks thylakoids. Archives of Microbiology. 100(4): p. 419-436, DOI: 10.1007/bf00446333.",33072,"scientific name","full_text"
"Gluconobacter oxydans 621H",0.94,30," Bonomi A, Fleury AT, Augusto EFP, Mattos MN, Magossi LR (1997) Mathematical modeling, automation and control of the bioconversion of sorbitol to sorbose in the vitamic C production process. I. Mathematical modeling. Braz J Chem Eng 14: ISSN 0104-6632.",290633,"scientific name","full_text"
"Gramella forsetii",4.17,NA," Bauer M, Kube M, Teeling H, Richter M, Lombardot T, et al. (2006) Whole genome analysis of the marine Bacteroidetes 'Gramella forsetii' reveals adaptations to degradation of polymeric organic matter. Environmental Microbiology 8: 2201-2213.",411153,"scientific name","full_text"
"Haemophilus ducreyi 35000HP",1.8,33,"Dziuba, M., P.A. NobleW.L. Albritton (1993) A study of the nutritional-requirements of a selected Haemophilus-ducreyi strain by impedance and conventional methods. Current Microbiology. 27(2): p. 109-113, DOI: 10.1007/bf01570867.",233412,"scientific name","full_text"
"Haemophilus influenzae",0.43,37," Rubin LG (1986) Comparison of in vivo and in vitro multiplication rates of Haemophilus influenzae type b. Infect Immun 52: 911-913.",727,"scientific name","full_text"
"Haloarcula marismortui",12,37," Johnsen U, Schonheit P (2004) Novel xylose dehydrogenase in the halophilic archaeon Haloarcula marismortui. J Bacteriol 186: 6198-6207.",2238,"scientific name","full_text"
"Halobacterium salinarum",9,37," Woodson JD, Peck RF, Krebs MP, Escalante-Semerena JC (2003) The cobY gene of the archaeon Halobacterium sp. strain NRC-1 is required for de novo cobamide synthesis. J Bacteriol 185: 311-316.",2242,"scientific name","full_text"
"Haloquadratum walsbyi",24,37," Bolhuis H, Poele EMT, Rodriguez-Valera F (2004) Isolation and cultivation of Walsby's square archaeon. Environmental Microbiology 6: 1287-1291.",293091,"scientific name","full_text"
"Helicobacter hepaticus ATCC 51449",4.2,37," Mehta NS, Benoit S, Mysore JV, Sousa RS, Maier RJ (2005) Helicobacter hepaticus hydrogenase mutants are deficient in hydrogen-supported amino acid uptake and in causing liver lesions in A/J mice. Infect Immun 73: 5311-5318.",235279,"scientific name","full_text"
"Helicobacter pylori",2.39,37," Vega AE, Cortinas TI, Mattana CM, Silva HJ, Puig De Centorbi O (2003) Growth of Helicobacter pylori in medium supplemented with cyanobacterial extract. J Clin Microbiol 41: 5384-5388.",210,"scientific name","full_text"
"Herpetosiphon aurantiacus",20,25," Trick I, Lingens F (1984) Characterization of Herpetosiphon-Spec - a Gliding Filamentous Bacterium from Bulking-Sludge. Applied Microbiology and Biotechnology 19: 191-198.",65,"scientific name","full_text"
"Hyperthermus butylicus",2,107,"Zillig, W., I. Holz, D. Janekovic, H.P. Klenk, E. Imsel, et al. (1990) Hyperthermus-butylicus, a hyperthermophilic sulfur-reducing archaebacterium that ferments peptides. Journal of Bacteriology. 172(7): p. 3959-3965.",54248,"scientific name","full_text"
"Ignicoccus hospitalis",0.83,90," Jahn U, Gallenberger M, Paper W, Junglas B, Eisenreich W, et al. (2008) Nanoarchaeum equitans and Ignicoccus hospitalis: new insights into a unique, intimate association of two archaea. J Bacteriol 190: 1743-1750.",160233,"scientific name","full_text"
"Lactobacillus acidophilus NCFM",1.26,42," Adamberg K, Kask S, Laht TM, Paalme T (2003) The effect of temperature and pH on the growth of lactic acid bacteria: a pH-auxostat study. Int J Food Microbiol 85: 171-183.",272621,"scientific name","full_text"
"Lactobacillus johnsonii NCC 533",0.43,37," van der Kaaij H, Desiere F, Mollet B, Germond JE (2004) L-alanine auxotrophy of Lactobacillus johnsonii as demonstrated by physiological, genomic, and gene complementation approaches. Appl Environ Microbiol 70: 1869-1873.",257314,"scientific name","full_text"
"Lactobacillus plantarum WCFS1",1.12,30," Barcena JM, Sineriz F, Gonzalez de Llano D, Rodriguez A, Suarez JE (1998) Chemostat production of plantaricin C by Lactobacillus plantarum LL441. Appl Environ Microbiol 64: 3512-3514.",220668,"scientific name","full_text"
"Lactococcus lactis subsp. lactis Il1403",0.61,30," Andersen HW, Solem C, Hammer K, Jensen PR (2001) Twofold reduction of phosphofructokinase activity in Lactococcus lactis results in strong decreases in growth rate and in glycolytic flux. J Bacteriol 183: 3458-3467.",272623,"scientific name","full_text"
"Legionella pneumophila subsp. pneumophila str. Philadelphia 1",2.4,35," Saito A, Rolfe RD, Edelstein PH, Finegold SM (1981) Comparison of liquid growth media for Legionella pneumophila. J Clin Microbiol 14: 623-627.",272624,"scientific name","full_text"
"Leifsonia xyli subsp. xyli str. CTCB07",5.5,NA," Turner JT, Lampel JS, Stearman RS, Sundin GW, Gunyuzlu P, et al. (1991) Stability of the delta-endotoxin gene from Bacillus thuringiensis subsp. kurstaki in a recombinant strain of Clavibacter xyli subsp. cynodontis. Appl Environ Microbiol 57: 3522-3528.",281090,"scientific name","full_text"
"Leptospira interrogans serovar Lai str. 56601",10.23,29,"Fontana, C., S. Crussard, N. Simon-Dufay, D. Pialot, N. Bomchil, et al. (2017) Use of flow cytometry for rapid and accurate enumeration of live pathogenic Leptospira strains. Journal of Microbiological Methods. 132: p. 34-40, DOI: 10.1016/j.mimet.2016.10.013.",189518,"scientific name","full_text"
"Listeria innocua Clip11262",0.47,30,"Houtsma, P.C., B.J.M. Kusters, J.C. Dewit, F.M. RomboutsM.H. Zwietering (1994) Modeling growth-rates of Listeria-innocua as a function of lactate concentration. International Journal of Food Microbiology. 24(1-2): p. 113-123, DOI: 10.1016/0168-1605(94)90111-2.",272626,"scientific name","full_text"
"Listeria monocytogenes EGD",1.5,37,"Gaillard, J.-L., P. Berche, J. Mounier, S. RichardP. Sansonetti (1987) In vitro model of penetration and intracellular growth of Listeria monocytogenes in the human enterocyte-like cell line Caco-2. Infection and immunity. 55(11): p. 2822-2829.",1334565,"scientific name","full_text"
"Mannheimia succiniciproducens MBEL55E",0.6,39," Song H, Lee JW, Choi S, You JK, Hong WH, et al. (2007) Effects of dissolved CO2 levels on the growth of Mannheimia succiniciproducens and succinic acid production. Biotechnol Bioeng 98: 1296-1304.",221988,"scientific name","full_text"
"Mesorhizobium loti",2.4,28," Fulchieri MM, Estrella MJ, Iglesias AA (2001) Characterization of Rhizobium loti strains from the Salado River Basin. Antonie Van Leeuwenhoek 79: 119-125.",381,"scientific name","full_text"
"Methanocaldococcus jannaschii",0.7,85,"Mukhopadhyay, B., E.F. JohnsonR.S. Wolfe (1999) Reactor-scale cultivation of the hyperthermophilic methanarchaeon Methanococcus jannaschii to high cell densities. Applied and Environmental Microbiology. 65(11): p. 5059-5065.",2190,"scientific name","full_text"
"Methanococcoides burtonii",20,23," Goodchild A, Saunders NF, Ertan H, Raftery M, Guilhaus M, et al. (2004) A proteomic determination of cold adaptation in the Antarctic archaeon, Methanococcoides burtonii. Mol Microbiol 53: 309-321.",29291,"scientific name","full_text"
"Methanopyrus kandleri",0.83,98,"Huber, R., M. Kurr, H.W. JannaschK.O. Stetter (1989) A novel group of abyssal methanogenic archaebacteria (Methanopyrus) growing at 110-degrees-c. Nature. 342(6251): p. 833-834, DOI: 10.1038/342833a0.",2320,"scientific name","full_text"
"Methanosarcina barkeri",8,37," Mazumder TK, Nishio N, Fukuzaki S, Nagai S (1986) Effect of Sulfur-Containing Compounds on Growth of Methanosarcina barkeri in Defined Medium. Appl Environ Microbiol 52: 617-622.",2208,"scientific name","full_text"
"Methanothermobacter thermautotrophicus",1,65," Schönheit P, Moll J, Thauer RK (1980) Growth parameters (Ks, ?max, Ys) of Methanobacterium thermoautotrophicum. Archives of Microbiology 127: 59-65.",145262,"scientific name","full_text"
"Methylobacillus flagellatus",0.85,42,"Baev, M., L. Chistoserdova, B. Polanuer, V. Sterkin, M. Kiriukhin, et al. (1992) Effect of formaldehyde on growth of obligate methylotroph Methylobacillus flagellatum in a substrate non-limited continuous culture. Archives of microbiology. 158(2): p. 145-148.",405,"scientific name","full_text"
"Methylobacterium extorquens",4.2,30," Van Dien SJ, Okubo Y, Hough MT, Korotkova N, Taitano T, et al. (2003) Reconstruction of C(3) and C(4) metabolism in Methylobacterium extorquens AM1 using transposon mutagenesis. Microbiology 149: 601-609.",408,"scientific name","full_text"
"Methylococcus capsulatus",1.87,45," Joergensen L, Degn H (1987) Growth-Rate and Methane Affinity of a Turbidostatic and Oxystatic Continuous Culture of Methylococcus-Capsulatus (Bath). Biotechnology Letters 9: 71-76.",414,"scientific name","full_text"
"Moorella thermoacetica",5,59," Byrer DE, Rainey FA, Wiegel J (2000) Novel strains of Moorella thermoacetica form unusually heat-resistant spores. Archives of Microbiology 174: 334-339.",1525,"scientific name","full_text"
"Mycobacterium avium subsp. paratuberculosis K-10",10,37," Falkinham JO, 3rd (2003) Factors influencing the chlorine susceptibility of Mycobacterium avium, Mycobacterium intracellulare, and Mycobacterium scrofulaceum. Appl Environ Microbiol 69: 5685-5689.",262316,"scientific name","full_text"
"Mycobacterium bovis AF2122/97",23.4,37," Dunn PL, North RJ (1995) Virulence Ranking of Some Mycobacterium-Tuberculosis and Mycobacterium-Bovis Strains According to Their Ability to Multiply in the Lungs, Induce Lung Pathology, and Cause Mortality in Mice. Infection and Immunity 63: 3428-3437.",233413,"scientific name","full_text"
"Mycobacterium leprae",240,37," Cole ST, Eiglmeier K, Parkhill J, James KD, Thomson NR, et al. (2001) Massive gene decay in the leprosy bacillus. Nature 409: 1007-1011.",1769,"scientific name","full_text"
"Mycobacterium tuberculosis",19,38," Dunn PL, North RJ (1995) Virulence Ranking of Some Mycobacterium-Tuberculosis and Mycobacterium-Bovis Strains According to Their Ability to Multiply in the Lungs, Induce Lung Pathology, and Cause Mortality in Mice. Infection and Immunity 63: 3428-3437.",1773,"scientific name","full_text"
"Mycoplasma capricolum",3.03,37,"Odriozola, J.M., E. Waitzkin, T.L. SmithK. Bloch (1978) Sterol requirement of Mycoplasma-capricolum. Proceedings of the National Academy of Sciences of the United States of America. 75(9): p. 4107-4109, DOI: 10.1073/pnas.75.9.4107.",2095,"scientific name","full_text"
"Mycoplasma gallisepticum str. R",2.45,37,"Kazama, S., T. YagihashiT. Nunoya (1986) Properties of Mycoplasma-gallisepticum grown in a medium supplemented with liposomes as a substitute for serum. Microbiology and Immunology. 30(9): p. 923-929.",233150,"scientific name","full_text"
"Mycoplasma genitalium",11.9,37,"Lluch-Senar, M., E. QuerolJ. Pinol (2010) Cell division in a minimal bacterium in the absence of ftsZ. Molecular Microbiology. 78(2): p. 278-289, DOI: 10.1111/j.1365-2958.2010.07306.x.",2097,"scientific name","full_text"
"Mycoplasma hyopneumoniae 232",6.4,37,"Meyns, T., D. Maes, D. Calus, S. Ribbens, J. Dewulf, et al. (2007) Interactions of highly and low virulent Mycoplasma hyopneumoniae isolates with the respiratory tract of pigs. Veterinary microbiology. 120(1): p. 87-95.",295358,"scientific name","full_text"
"Mycoplasma mobile 163K",3.2,25,"Rosengarten, R.H. Kirchhoff (1989) Growth morphology of Mycoplasma mobile 163K on solid surfaces: Reproduction, aggregation, and microcolony formation. Current Microbiology. 18(1): p. 15-22.",267748,"scientific name","full_text"
"Mycoplasma mycoides subsp. mycoides SC",1.7,37,"March, J.B., J. ClarkM. Brodlie (2000) Characterization of strains of Mycoplasma mycoides subsp mycoides small colony type isolated from recent outbreaks of contagious bovine pleuropneumonia in Botswana and Tanzania: Evidence for a new biotype. Journal of Clinical Microbiology. 38(4): p. 1419-1425.",44101,"scientific name","full_text"
"Mycoplasma pneumoniae",4.22,37,"Somerson, N.L., W.D. James, B.E. WallsR.M. Chanock (1967) Growth of Mycoplasma pneumoniae on a glass surface. Annals of the New York Academy of Sciences. 143(A1): p. 384-&, DOI: 10.1111/j.1749-6632.1967.tb27680.x.",2104,"scientific name","full_text"
"Mycoplasma pulmonis UAB CTIP",1,37,"Dybvig, K., J.W. Simecka, H.L. WatsonG.H. Cassell (1989) High-frequency variation in Mycoplasma-pulmonis colony size. Journal of Bacteriology. 171(9): p. 5165-5168.",272635,"scientific name","full_text"
"Myxococcus xanthus",4,30,"Kimura, Y., H. Saiga, H. HamanakaH. Matoba (2006) Myxococcus xanthus twin-arginine translocation system is important for growth and development. Archives of Microbiology. 184(6): p. 387-396, DOI: 10.1007/s00203-005-0067-3.",34,"scientific name","full_text"
"Nanoarchaeum equitans",0.75,90,"Jahn, U., M. Gallenberger, W. Paper, B. Junglas, W. Eisenreich, et al. (2008) Nanoarchaeum equitans and Ignicoccus hospitalis: New insights into a unique, intimate association of two archaea. Journal of Bacteriology. 190(5): p. 1743-1750, DOI: 10.1128/jb.01731-07.",160232,"scientific name","full_text"
"Neisseria gonorrhoeae FA 1090",0.58,37," Hopper S, Vasquez B, Merz A, Clary S, Wilbur JS, et al. (2000) Effects of the immunoglobulin A1 protease on Neisseria gonorrhoeae trafficking across polarized T84 epithelial monolayers. Infection and Immunity 68: 906-911.",242231,"scientific name","full_text"
"Neisseria meningitidis",0.72,37," Deeudom M, Koomey M, Moir JWB (2008) Roles of c-type cytochromes in respiration in Neisseria meningitidis. Microbiology-Sgm 154: 2857-2864.",487,"scientific name","full_text"
"Nitrobacter winogradskyi",16.08,28,"Mellbye, B.L., P.J. BottomleyL.A. Sayavedra-Soto (2015) Nitrite-oxidizing bacterium Nitrobacter winogradskyi produces N-acyl-homoserine lactone autoinducers. Applied and environmental microbiology. 81(17): p. 5917-5926.",913,"scientific name","full_text"
"Nitrosomonas europaea ATCC 19718",5.5,25,"Sato, C., J.L. Schnoor, D.B. McDonaldJ. Huey (1985) Test medium for the growth of Nitrosomonas europaea. Applied and environmental microbiology. 49(5): p. 1101-1107.",228410,"scientific name","full_text"
"Nocardia farcinica",NA,NA," Heinzen RJ, Ensign JC (1975) Effect of growth substrates on morphology of Nocardia corallina. Arch Microbiol 103: 209-217.",37329,"scientific name","full_text"
"Nostoc sp. PCC 7120",16,28,"Summers, M.L., J.G. Wallis, E.L. CampbellJ.C. Meeks (1995) Genetic evidence of a major role for glucose-6-phosphate dehydrogenase in nitrogen fixation and dark growth of the cyanobacterium Nostoc sp. strain ATCC 29133. Journal of Bacteriology. 177(21): p. 6184-6194.",103690,"scientific name","full_text"
"Oenococcus oeni",10.5,25," Zhang DS, Lovitt RW (2005) Studies on growth and metabolism of Oenococcus oeni on sugars and sugar mixtures. Journal of Applied Microbiology 99: 565-572.",1247,"scientific name","full_text"
"Paenarthrobacter aurescens",2,30," Strong LC, Rosendahl C, Johnson G, Sadowsky MJ, Wackett LP (2002) Arthrobacter aurescens TC1 metabolizes diverse s-triazine ring compounds. Appl Environ Microbiol 68: 5973-5980.",43663,"scientific name","full_text"
"Paracoccus denitrificans",2.1,30," Blaszczyk M (1993) Effect of Medium Composition on the Denitrification of Nitrate by Paracoccus denitrificans. Appl Environ Microbiol 59: 3951-3953.",266,"scientific name","full_text"
"Pasteurella multocida subsp. multocida str. Pm70",1,37," Xia X, Wei T, Xie Z, Danchin A (2002) Genomic changes in nucleotide and dinucleotide frequencies in Pasteurella multocida cultured under high temperature. Genetics 161: 1385-1394.",272843,"scientific name","full_text"
"Pectobacterium atrosepticum",2.31,28,"Smadja, B., X. Latour, S. Trigui, J. Burini, S. Chevalier, et al. (2004) Thermodependence of growth and enzymatic activities implicated in pathogenicity of two Erwinia carotovora subspecies (Pectobacterium spp.). Canadian Journal of Microbiology. 50(1): p. 19-27, DOI: 10.1139/w03-099.",29471,"scientific name","full_text"
"Petrotoga mobilis",12,60," Lien T, Madsen M, Rainey FA, Birkeland NK (1998) Petrotoga mobilis sp. nov., from a North Sea oil-production well. International Journal of Systematic Bacteriology 48: 1007-1013.",69499,"scientific name","full_text"
"Photobacterium profundum SS9",1.7,10,"Nogi, Y., N. MasuiC. Kato (1998) Photobacterium profundum sp. nov., a new, moderately barophilic bacterial species isolated from a deep-sea sediment. Extremophiles. 2(1): p. 1-7, DOI: 10.1007/s007920050036.",298386,"scientific name","full_text"
"Photorhabdus luminescens subsp. laumondii TTO1",0.73,28,"Bowen, M., D. Co, F. Inman IIIL. Holmes (2012) Microbial kinetics of Photorhabdus luminescens in glucose batch cultures. Explorations: The Journal of Undergraduate Research and Creative Activities for the State of North Carolina. 7: p. 14-22.",243265,"scientific name","full_text"
"Picrophilus torridus DSM 9790",6,60," Schleper C, Puehler G, Holz I, Gambacorta A, Janekovic D, et al. (1995) Picrophilus Gen-Nov, Fam-Nov - a Novel Aerobic, Heterotrophic, Thermoacidophilic Genus and Family Comprising Archaea Capable of Growth around Ph-0. Journal of Bacteriology 177: 7050-7059.",263820,"scientific name","full_text"
"Porphyromonas gingivalis W83",2.56,37," Marsh PD, McDermid AS, McKee AS, Baskerville A (1994) The effect of growth rate and haemin on the virulence and proteolytic activity of Porphyromonas gingivalis W50. Microbiology 140: 861-865.",242619,"scientific name","full_text"
"Prochlorococcus marinus subsp. marinus str. CCMP1375",16.8,26," Shalapyonok A, Olson RJ, Shalapyonok LS (1998) Ultradian Growth in Prochlorococcus spp. Appl Environ Microbiol 64: 1066-1069.",167539,"scientific name","full_text"
"Propionibacterium acnes KPA171202",5.1,35,"Hall, G.S., K. Prattrippin, D.M. Meisler, J.A. Washington, T.J. Roussel, et al. (1994) Growth curve for Propionibacterium-acnes. Current Eye Research. 13(6): p. 465-466, DOI: 10.3109/02713689408999875.",267747,"scientific name","full_text"
"Pseudoalteromonas haloplanktis",2.04,15,"Giuliani, M., E. Parrilli, P. Ferrer, K. Baumann, C. Marino, et al. (2011) Process optimization for recombinant protein production in the psychrophilic bacterium Pseudoalteromonas haloplanktis. Process Biochemistry. 46(4): p. 953-959, DOI: 10.1016/j.procbio.2011.01.011.",228,"scientific name","full_text"
"Pseudomonas aeruginosa PAO1",0.33,37,"Hooke, A.M., D. Sordelli, M. CerquettiA. Vogt (1985) Quantitative determination of bacterial replication in vivo. Infection and immunity. 49(2): p. 424-427.",208964,"scientific name","full_text"
"Pseudomonas putida KT2440",1.11,24," Ahn IS, Ghiorse WC, Lion LW, Shuler ML (1998) Growth kinetics of Pseudomonas putida G7 on naphthalene and occurrence of naphthalene toxicity during nutrient deprivation. Biotechnol Bioeng 59: 587-594.",160488,"scientific name","full_text"
"Pseudomonas syringae pv. tomato DC3000",1.67,30.7," Keith LM, Partridge JE, Bender CL (1999) dnaK and the heat stress response of Pseudomonas syringae pv. glycinea. Mol Plant Microbe Interact 12: 563-574.",223283,"equivalent name","full_text"
"Psychromonas ingrahamii",12,5," Breezee J, Cady N, Staley JT (2004) Subfreezing growth of the sea ice bacterium ""Psychromonas ingrahamii"". Microb Ecol 47: 300-304.",357794,"scientific name","full_text"
"Pyrobaculum aerophilum",3,100,"Völkl, P., R. Huber, E. Drobner, R. Rachel, S. Burggraf, et al. (1993) Pyrobaculum aerophilum sp. nov., a novel nitrate-reducing hyperthermophilic archaeum. Applied and Environmental Microbiology. 59(9): p. 2918-2926.",13773,"scientific name","full_text"
"Pyrobaculum arsenaticum",1.35,95,"Huber, R., M. Sacher, A. Vollmann, H. HuberD. Rose (2000) Respiration of arsenate and selenate by hyperthermophilic archaea. Systematic and Applied Microbiology. 23(3): p. 305-314.",121277,"scientific name","full_text"
"Pyrococcus abyssi",0.55,96,"Erauso, G., A.L. Reysenbach, A. Godfroy, J.R. Meunier, B. Crump, et al. (1993) Pyrococcus-abyssi sp-nov, a new hyperthermophilic archaeon isolated from a deep-sea hydrothermal vent. Archives of Microbiology. 160(5): p. 338-349.",29292,"scientific name","full_text"
"Pyrococcus furiosus",0.62,100,"Fiala, G.K.O. Stetter (1986) Pyrococcus furiosus sp. nov. represents a novel genus of marine heterotrophic archaebacteria growing optimally at 100 C. Archives of Microbiology. 145(1): p. 56-61.",2261,"scientific name","full_text"
"Pyrococcus horikoshii",0.53,98,"González, J.M., Y. Masuchi, F.T. Robb, J.W. Ammerman, D.L. Maeder, et al. (1998) Pyrococcus horikoshii sp. nov., a hyperthermophilic archaeon isolated from a hydrothermal vent at the Okinawa Trough. Extremophiles. 2(2): p. 123-130.",53953,"scientific name","full_text"
"Ralstonia solanacearum GMI1000",1,28,"Stevens, P., L.S. van OverbeekJ.D. van Elsas (2011) Ralstonia solanacearum ?PGI-1 strain KZR-5 is affected in growth, response to cold stress and invasion of tomato. Microbial ecology. 61(1): p. 101-112.",267608,"scientific name","full_text"
"Rhodobacter sphaeroides",3.4,27,"Nishimura, K., H. Shimada, S. Hatanaka, H. Mizoguchi, H. Ohta, et al. (1998) Growth, pigmentation, and expression of the puf and puc operons in a light-responding-repressor (SPB)-disrupted Rhodobacter sphaeroides. Plant and Cell Physiology. 39(4): p. 411-417.",1063,"scientific name","full_text"
"Rhodococcus jostii",5.3,30," Navarro-Llorens JM, Patrauchan MA, Stewart GR, Davies JE, Eltis LD, et al. (2005) Phenylacetate catabolism in Rhodococcus sp. strain RHA1: a central pathway for degradation of aromatic compounds. J Bacteriol 187: 4497-4504.",132919,"scientific name","full_text"
"Rhodoferax ferrireducens",22.7,25,"Chaudhuri, S.K.D.R. Lovley (2003) Electricity generation by direct oxidation of glucose in mediatorless microbial fuel cells. Nature biotechnology. 21(10): p. 1229.",192843,"scientific name","full_text"
"Rhodopirellula baltica",10,25," Rabus R, Gade D, Helbig R, Bauer M, Glockner FO, et al. (2002) Analysis of N-acetylglucosamine metabolism in the marine bacterium Pirellula sp. strain 1 by a proteomic approach. Proteomics 2: 649-655.",265606,"scientific name","full_text"
"Rhodopseudomonas palustris",10.7,30,"Van der Woude, B., M. De Boer, N. Van der Put, F. Van der Geld, R. Prins, et al. (1994) Anaerobic degradation of halogenated benzoic acids by photoheterotrophic bacteria. FEMS microbiology letters. 119(1-2): p. 199-207.",1076,"scientific name","full_text"
"Rhodospirillum rubrum",3.8,30," Kerby RL, Ludden PW, Roberts GP (1995) Carbon Monoxide-Dependent Growth of Rhodospirillum-Rubrum. Journal of Bacteriology 177: 2241-2244.",1085,"scientific name","full_text"
"Rickettsia conorii str. Malish 7",4,37,"Manor, E.I. Sarov (1990) Inhibition of Rickettsia-conorii growth by recombinant tumor necrosis factor-alpha - enhancement of inhibition by gamma-interferon. Infection and Immunity. 58(6): p. 1886-1890.",272944,"scientific name","full_text"
"Rickettsia prowazekii",8.8,34," Pang H, Winkler HH (1994) The concentrations of stable RNA and ribosomes in Rickettsia prowazekii. Mol Microbiol 12: 115-120.",782,"scientific name","full_text"
"Rickettsia typhi str. Wilmington",17.6,34,"Keysary, A., A. Itzhaki, E. Rubinstein, C. OronG. Keren (1996) The in-vitro anti-rickettsial activity of macrolides. Journal of Antimicrobial Chemotherapy. 38(4): p. 727-731, DOI: 10.1093/jac/38.4.727.",257363,"scientific name","full_text"
"Rubrobacter xylanophilus",4.3,60," Empadinhas N, Mendes V, Simões C, Santos M, Mingote A, et al. (2007) Organic solutes in Rubrobacter xylanophilus : the first example of di- myo -inositol-phosphate in a thermophile. Extremophiles 11: 667-673.",49319,"scientific name","full_text"
"Ruegeria pomeroyi",1.65,30," Gonzalez JM, Covert JS, Whitman WB, Henriksen JR, Mayer F, et al. (2003) Silicibacter pomeroyi sp. nov. and Roseovarius nubinhibens sp. nov., dimethylsulfoniopropionate-demethylating bacteria from marine environments. Int J Syst Evol Microbiol 53: 1261-1269.",89184,"scientific name","full_text"
"Salinibacter ruber",14,37," Anton J, Oren A, Benlloch S, Rodriguez-Valera F, Amann R, et al. (2002) Salinibacter ruber gen. nov., sp nov., a novel, extremely halophilic member of the Bacteria from saltern crystallizer ponds. International Journal of Systematic and Evolutionary Microbiology 52: 485-491.",146919,"scientific name","full_text"
"Salmonella enterica subsp. enterica serovar Typhimurium str. LT2",0.37,37,"Berry, L.J., M.K. Deropp, M.H. FairE.M. Schur (1956) Dynamics of bacterial infections in mice under conditions known to alter survival time. Journal of Infectious Diseases. 98(2): p. 198-207.",99287,"scientific name","full_text"
"Shewanella oneidensis MR-1",0.75,22," Abboud R, Popa R, Souza-Egipsy V, Giometti CS, Tollaksen S, et al. (2005) Low-temperature growth of Shewanella oneidensis MR-1. Appl Environ Microbiol 71: 811-816.",211586,"scientific name","full_text"
"Sinorhizobium meliloti 1021",1.5,30," Ampe F, Kiss E, Sabourdy F, Batut J (2003) Transcriptome analysis of Sinorhizobium meliloti during symbiosis. Genome Biol 4: R15.",266834,"scientific name","full_text"
"Sodalis glossinidius",26,26.5," Matthew CZ, Darby AC, Young SA, Hume LH, Welburn SC (2005) The rapid isolation and growth dynamics of the tsetse symbiont Sodalis glossinidius. FEMS Microbiol Lett 248: 69-74.",63612,"scientific name","full_text"
"Sorangium cellulosum",6,34,"Pradella, S., A. Hans, C. Spröer, H. Reichenbach, K. Gerth, et al. (2002) Characterisation, genome size and genetic manipulation of the myxobacterium Sorangium cellulosum So ce56. Archives of microbiology. 178(6): p. 484-492.",56,"scientific name","full_text"
"Sphingopyxis alaskensis",3.3,30,"Ostrowski, M., R. Cavicchioli, M. BlaauwJ.C. Gottschal (2001) Specific growth rate plays a critical role in hydrogen peroxide resistance of the marine oligotrophic ultramicrobacterium Sphingomonas alaskensis strain RB2256. Applied and Environmental Microbiology. 67(3): p. 1292-1299, DOI: 10.1128/aem.67.3.1292-1299.2001.",117207,"scientific name","full_text"
"Staphylococcus aureus subsp. aureus N315",0.48,37," Somerville GA, Said-Salim B, Wickman JM, Raffel SJ, Kreiswirth BN, et al. (2003) Correlation of acetate catabolism and growth yield in Staphylococcus aureus: implications for host-pathogen interactions. Infect Immun 71: 4724-4732.",158879,"scientific name","full_text"
"Staphylococcus epidermidis ATCC 12228",0.33,36," Gottenbos B, van der Mei H, Busscher H (2000) Initial adhesion and surface growth of Staphylococcus epidermidis and Pseudomonas aeruginosa on biomedical polymers. J Biomed Materials Res 50: 208-214.",176280,"scientific name","full_text"
"Staphylothermus marinus",6.3,85," Hao X, Ma K (2003) Minimal sulfur requirement for growth and sulfur-dependent metabolism of the hyperthermophilic archaeon Staphylothermus marinus. Archaea 1: 191-197.",2280,"scientific name","full_text"
"Streptococcus agalactiae 2603V/R",0.8,37,"Paoletti, L.C., R.A. RossK.D. Johnson (1996) Cell growth rate regulates expression of group B Streptococcus type III capsular polysaccharide. Infection and Immunity. 64(4): p. 1220-1226.",208435,"scientific name","full_text"
"Streptococcus mutans UA159",1.1,37,"Beckers, H.J.A.J.S. van der Hoeven (1982) Growth-rates of Actinomyces-viscosus and Streptococcus-mutans during early colonization of tooth surfaces in gnotobiotic-rats. Infection and Immunity. 35(2): p. 583-587.",210007,"scientific name","full_text"
"Streptococcus pneumoniae TIGR4",0.52,37," Small PM, Tauber MG, Hackbarth CJ, Sande MA (1986) Influence of body temperature on bacterial growth rates in experimental pneumococcal meningitis in rabbits. Infect Immun 52: 484-487.",170187,"scientific name","full_text"
"Streptococcus pyogenes serotype M1",0.42,37," Biswas I, Germon P, McDade K, Scott JR (2001) Generation and surface localization of intact M protein in Streptococcus pyogenes are dependent on sagA. Infect Immun 69: 7029-7038.",301447,"scientific name","full_text"
"Streptococcus thermophilus LMG 18311",0.4,42," O'Sullivan TF, Fitzgerald GF (1999) Electrotransformation of industrial strains of Streptococcus thermophilus. J Appl Microbiol 86: 275-283.",264199,"scientific name","full_text"
"Streptomyces coelicolor A3(2)",2.04,30," Shahab N, Flett F, Oliver SG, Butler PR (1996) Growth rate control of protein and nucleic acid content in Streptomyces coelicolor A3(2) and Escherichia coli B/r. Microbiology 142: 1927-1935.",100226,"scientific name","full_text"
"Sulfolobus acidocaldarius",4.95,70,"Ju, L.K.P. Kankipati (1998) Toxicity of dibenzothiophene to thermophile Sulfolobus acidocaldarius grown in sucrose medium. Journal of Biotechnology. 63(3): p. 219-227, DOI: 10.1016/s0168-1656(98)00089-3.",2285,"scientific name","full_text"
"Sulfolobus solfataricus",5,87,"De Rosa, M., A. Gambacorta, B. Nicolaus, P. Giardina, E. Poerio, et al. (1984) Glucose metabolism in the extreme thermoacidophilic archaebacterium Sulfolobus solfataricus. Biochemical Journal. 224(2): p. 407-414.",2287,"scientific name","full_text"
"Sulfolobus tokodaii",7.4,80,"Jensen, S.M., V.L. Neesgaard, S.L.N. Skjoldbjerg, M. Brandl, C.S. Ejsing, et al. (2015) The effects of temperature and growth phase on the lipidomes of Sulfolobus islandicus and Sulfolobus tokodaii. Life. 5(3): p. 1539-1566.",111955,"scientific name","full_text"
"Symbiobacterium thermophilum",2.41,60," Ohno M, Okano I, Watsuji T, Kakinuma T, Ueda K, et al. (1999) Establishing the independent culture of a strictly symbiotic bacterium Symbiobacterium thermophilum from its supporting Bacillus strain. Biosci Biotechnol Biochem 63: 1083-1090.",2734,"scientific name","full_text"
"Synechococcus elongatus PCC 6301",5.4,38,"Yu, J., M. Liberton, P.F. Cliften, R.D. Head, J.M. Jacobs, et al. (2015) Synechococcus elongatus UTEX 2973, a fast growing cyanobacterial chassis for biosynthesis using light and CO2. Scientific reports. 5.",269084,"scientific name","full_text"
"Synechococcus sp. WH 8102",10.3,30," Mori T, Binder B, Johnson CH (1996) Circadian gating of cell division in cyanobacteria growing with average doubling times of less than 24 hours. Proc Natl Acad Sci U S A 93: 10183-10188.",84588,"scientific name","full_text"
"Synechocystis sp. PCC 6803",12,30," Johnson TW, Shen G, Zybailov B, Kolling D, Reategui R, et al. (2000) Recruitment of a foreign quinone into the A(1) site of photosystem I. I. Genetic and physiological characterization of phylloquinone biosynthetic pathway mutants in Synechocystis sp. pcc 6803. J Biol Chem 275: 8523-8530.",1148,"scientific name","full_text"
"Syntrophobacter fumaroxidans",98,37," Harmsen HJM, Van Kuijk BLM, Plugge CM, Akkermans ADL, De Vos WM, et al. (1998) Syntrophobacter fumaroxidans sp. nov., a syntrophic propionate-degrading sulfate-reducing bacterium. International Journal of Systematic Bacteriology 48: 1383-1387.",119484,"scientific name","full_text"
"Syntrophus aciditrophicus",27,37,"Mouttaki, H., M.A. NannyM.J. McInerney (2008) Use of benzoate as an electron acceptor by Syntrophus aciditrophicus grown in pure culture with crotonate. Environmental Microbiology. 10(12): p. 3265-3274, DOI: 10.1111/j.1462-2920.2008.01716.x.",316277,"scientific name","full_text"
"Thermoplasma acidophilum",2.8,59,"Freisleben, H.-J., L. Henkel, R. Gutermann, P. Rudolph, G. John, et al. (1994) Fermentor cultivation of Thermoplasma acidophilum for the production of cell mass and of the main phospholipid fraction. Applied microbiology and biotechnology. 40(5): p. 745-752.",2303,"scientific name","full_text"
"Thermoplasma volcanium",3.6,60,"Kawashima, T., K. Yokoyama, S. HiguchiM. Suzuki (2005) Identification of proteins present in the archaeon Thermoplasma volcanium cultured in aerobic or anaerobic conditions. Proceedings of the Japan Academy Series B-Physical and Biological Sciences. 81(6): p. 204-219, DOI: 10.2183/pjab.81.204.",50339,"scientific name","full_text"
"Thermosynechococcus elongatus BP-1",5.4,45," Iwai M, Katayama M, Ikeuchi M (2006) Absence of the psbH gene product destabilizes the Photosystem II complex and prevents association of the Photosystem II-X protein in the thermophilic cyanobacterium Thermosynechococcus elongatus BP-1. Photosynthesis Research 87: 313-322.",197221,"scientific name","full_text"
"Thermotoga maritima",1.2,80," Chhabra SR, Shockley KR, Ward DE, Kelly RM (2002) Regulation of endo-acting glycosyl hydrolases in the hyperthermophilic bacterium Thermotoga maritima grown on glucan- and mannan-based polysaccharides. Appl Environ Microbiol 68: 545-554.",2336,"scientific name","full_text"
"Thermus thermophilus HB27",1.4,65," Demirtas MU, Kolhatkar A, Kilbane JJ, 2nd (2003) Effect of aeration and agitation on growth rate of Thermus thermophilus in batch mode. J Biosci Bioeng 95: 113-117.",262724,"scientific name","full_text"
"Thiomicrospira crunogena",0.87,25," Jannasch HW, Wirsen CO, Nelson DC, Robertson LA (1985) Thiomicrospira-Crunogena Sp-Nov, a Colorless, Sulfur-Oxidizing Bacterium from a Deep-Sea Hydrothermal Vent. International Journal of Systematic Bacteriology 35: 422-424.",39765,"synonym","full_text"
"Treponema denticola ATCC 35405",4.95,37," Dollhopf SL, Pariseau ML, Hashsham SA, Tiedje JM (2003) Competitive and interactions affecting a fermentative spirochete in anaerobic chemostats. Microb Ecol 46: 1-11.",243275,"scientific name","full_text"
"Treponema pallidum",25.5,33,"Fieldsteel, A.H., D.L. CoxR.A. Moeckli (1981) Cultivation of virulent Treponema pallidum in tissue culture. Infection and immunity. 32(2): p. 908-915.",160,"scientific name","full_text"
"Trichodesmium erythraeum",25,28," El-Shehawy R, Lugomela C, Ernst A, Bergman B (2003) Diurnal expression of hetR and diazocyte development in the filamentous non-heterocystous cyanobacterium Trichodesmium erythraeum. Microbiology 149: 1139-1146.",1206,"scientific name","full_text"
"Tropheryma whipplei str. Twist",28,37," Renesto P, Crapoulet N, Ogata H, La Scola B, Vestris G, et al. (2003) Genome-based design of a cell-free culture medium for Tropheryma whipplei. Lancet 362: 447-449.",203267,"scientific name","full_text"
"Ureaplasma urealyticum",1.5,37,"Sayed, I.G. Kenny (1978) Effect of ammonium ion concentration and osmotic pressure on growth of Ureaplasma urealyticum (T-strain mycoplasma). Journal of bacteriology. 134(3): p. 967-972.",2130,"scientific name","full_text"
"Vibrio cholerae",0.44,37,"Pradhan, S., A.K. Baidya, A. Ghosh, K. PaulR. Chowdhury (2010) The El Tor biotype of Vibrio cholerae exhibits a growth advantage in the stationary phase in mixed cultures with the classical biotype. Journal of bacteriology. 192(4): p. 955-963.",666,"scientific name","full_text"
"Vibrio fischeri ES114",0.5,25,"Ruby, E.L. Asato (1993) Growth and flagellation of Vibrio fischeri during initiation of the sepiolid squid light organ symbiosis. Archives of microbiology. 159(2): p. 160-167.",312309,"scientific name","full_text"
"Vibrio parahaemolyticus",0.23,35," Twedt RM, Novelli RM (1971) Modified selective and differential isolation medium for Vibrio parahaemolyticus. Appl Microbiol 22: 593-599.",670,"scientific name","full_text"
"Vibrio vulnificus CMCP6",0.25,37,"Starks, A.M., K.L. Bourdage, P.C. ThiavilleP.A. Gulig (2006) Use of a marker plasmid to examine differential rates of growth and death between clinical and environmental strains of Vibrio vulnificus in experimentally infected mice. Molecular Microbiology. 61(2): p. 310-323, DOI: 10.1111/j.1365-2958.2006.05227.x.",216895,"scientific name","full_text"
"Wigglesworthia glossinidia endosymbiont of Glossina brevipalpis",NA,NA,NA,36870,"scientific name","full_text"
"Wolbachia endosymbiont strain TRS of Brugia malayi",14,28," Fenollar F, Maurin M, Raoult D (2003) Wolbachia pipientis growth kinetics and susceptibilities to 13 antibiotics determined by immunofluorescence staining and real-time PCR. Antimicrob Agents Chemother 47: 1665-1671.",292805,"scientific name","full_text"
"Wolinella succinogenes",1,37," Ullmann R, Gross R, Simon J, Unden G, Kroger A (2000) Transport of C(4)-dicarboxylates in Wolinella succinogenes. J Bacteriol 182: 5757-5764.",844,"scientific name","full_text"
"Xanthomonas axonopodis",4.45,28,"Kousik, C.S.D.F. Ritchie (1996) Disease potential of pepper bacterial spot pathogen races that overcome the Bs2 gene for resistance. Phytopathology. 86(12): p. 1336-1343.",53413,"scientific name","full_text"
"Xanthomonas campestris",4.62,28," Pena C, Galindo E, Diaz M (2002) Effectiveness factor in biological external convection: study in high viscosity systems. J Biotechnol 95: 1-12.",339,"scientific name","full_text"
"Xanthomonas oryzae pv. oryzae KACC 10331",4.5,28,"Kim, S.-Y., B.-M. LeeJ.-Y. Cho (2010) Relationship between glucose catabolism and xanthan production in Xanthomonas oryzae pv. oryzae. Biotechnology Letters. 32(4): p. 527-531, DOI: 10.1007/s10529-009-0193-0.",291331,"scientific name","full_text"
"Xylella fastidiosa 9a5c",5.13,28," Feil H, Purcell AH (2001) Temperature-dependent growth and survival of Xylella fastidiosa in vitro and in potted grapevines. Plant Disease 85: 1230-1234.",160492,"scientific name","full_text"
"Yersinia pestis CO92",0.85,37,"Sha, J., J.J. Endsley, M.L. Kirtley, S.M. Foltz, M.B. Huante, et al. (2011) Characterization of an F1 Deletion Mutant of Yersinia pestis CO92, Pathogenic Role of F1 Antigen in Bubonic and Pneumonic Plague, and Evaluation of Sensitivity and Specificity of F1 Antigen Capture-Based Dipsticks. Journal of Clinical Microbiology. 49(5): p. 1708-1715, DOI: 10.1128/jcm.00064-11.",214092,"scientific name","full_text"
"Yersinia pseudotuberculosis",2.54,28,"Palonen, E., M. Lindstrom, R. Karttunen, P. SomervuoH. Korkeala (2011) Expression of Signal Transduction System Encoding Genes of Yersinia pseudotuberculosis IP32953 at 28 degrees C and 3 degrees C. Plos One. 6(9), DOI: 10.1371/journal.pone.0025063.",633,"scientific name","full_text"
"Zymomonas mobilis",1.7,30,"Jobses, I.M.L.J.A. Roels (1986) The inhibition of the maximum specific growth and fermentation rate of Zymomonas-mobilis by ethanol. Biotechnology and Bioengineering. 28(4): p. 554-563, DOI: 10.1002/bit.260280412.",542,"scientific name","full_text"
